target,sequence,design,cas_avg,kd_avg,lna_5p,lna_3p,lna_count,aso_len,dna_count,too_toxic
B,GTTActgccttcTTAC,LLLLDDDDDDDDLLLL,272.00694392932644,38.51871795173912,4,4,8,16,8,FALSE
B,GTTACtgccttCTTAC,LLLLLDDDDDDLLLLL,623.5665849215793,59.896503558515235,5,5,10,16,6,TRUE
B,GTTActgccttCTTAC,LLLLDDDDDDDLLLLL,461.3388179767735,45.46180556048217,4,5,9,16,7,TRUE
B,GTTaCtgccttCTTAC,LLLDLDDDDDDLLLLL,474.29220918601806,63.44759797094021,4,5,9,16,7,TRUE
B,GTTactgccttCTTAC,LLLDDDDDDDDLLLLL,378.80251738279804,32.42194513822587,3,5,8,16,8,TRUE
B,GTtACtgccttCTTAC,LLDLLDDDDDDLLLLL,473.8408390423385,56.81856240183543,4,5,9,16,7,TRUE
B,GTtActgccttCTTAC,LLDLDDDDDDDLLLLL,335.3740559031059,44.10156056965642,3,5,8,16,8,TRUE
B,GTtaCtgccttCTTAC,LLDDLDDDDDDLLLLL,364.6508323557744,54.365032194157735,3,5,8,16,8,TRUE
B,GTtactgccttCTTAC,LLDDDDDDDDDLLLLL,327.5862065511488,23.396246404238344,2,5,7,16,9,TRUE
B,GtTACtgccttCTTAC,LDLLLDDDDDDLLLLL,615.9759825851297,56.158449243235374,4,5,9,16,7,TRUE
B,GtTActgccttCTTAC,LDLLDDDDDDDLLLLL,361.4169939911589,38.61195371405357,3,5,8,16,8,TRUE
B,GtTaCtgccttCTTAC,LDLDLDDDDDDLLLLL,342.168927869362,58.46621321362258,3,5,8,16,8,TRUE
B,GtTactgccttCTTAC,LDLDDDDDDDDLLLLL,298.49199627125563,26.477864179242964,2,5,7,16,9,FALSE
B,GttACtgccttCTTAC,LDDLLDDDDDDLLLLL,484.80582203907744,42.756927915414195,3,5,8,16,8,TRUE
B,GttActgccttCTTAC,LDDLDDDDDDDLLLLL,268.1283574728952,35.10419413782905,2,5,7,16,9,FALSE
B,GttaCtgccttCTTAC,LDDDLDDDDDDLLLLL,358.9243369310473,34.67589944785945,2,5,7,16,9,TRUE
B,GttactgccttCTTAC,LDDDDDDDDDDLLLLL,349.71850977787767,16.66223632007925,1,5,6,16,10,TRUE
B,GTTACtgccttCTTaC,LLLLLDDDDDDLLLDL,602.9124270684763,55.70512610040881,5,4,9,16,7,TRUE
B,GTTActgccttCTTaC,LLLLDDDDDDDLLLDL,444.1404835502232,38.66514592261482,4,4,8,16,8,TRUE
B,GTTaCtgccttCTTaC,LLLDLDDDDDDLLLDL,484.94299768847486,56.24545881398465,4,4,8,16,8,TRUE
B,GTTactgccttCTTaC,LLLDDDDDDDDLLLDL,359.9968552383432,26.084501075426097,3,4,7,16,9,TRUE
B,GTtACtgccttCTTaC,LLDLLDDDDDDLLLDL,505.8641389220888,53.24007931811651,4,4,8,16,8,TRUE
B,GTtActgccttCTTaC,LLDLDDDDDDDLLLDL,306.8752770873871,48.51774715631217,3,4,7,16,9,TRUE
B,GTtaCtgccttCTTaC,LLDDLDDDDDDLLLDL,373.2408519277806,51.257291366484715,3,4,7,16,9,TRUE
B,GTtactgccttCTTaC,LLDDDDDDDDDLLLDL,332.68601251271525,18.87298871688962,2,4,6,16,10,TRUE
B,GtTACtgccttCTTaC,LDLLLDDDDDDLLLDL,639.1181094072546,52.741933983774935,4,4,8,16,8,TRUE
B,GtTActgccttCTTaC,LDLLDDDDDDDLLLDL,364.714525246023,37.239776591259556,3,4,7,16,9,TRUE
B,GtTaCtgccttCTTaC,LDLDLDDDDDDLLLDL,354.2832359649189,52.44275480702915,3,4,7,16,9,TRUE
B,GtTactgccttCTTaC,LDLDDDDDDDDLLLDL,271.40016482178333,23.96570561263604,2,4,6,16,10,FALSE
B,GttACtgccttCTTaC,LDDLLDDDDDDLLLDL,413.5283981713066,42.623456878025316,3,4,7,16,9,TRUE
B,GttActgccttCTTaC,LDDLDDDDDDDLLLDL,226.59627673642163,43.459734303861254,2,4,6,16,10,FALSE
B,GttaCtgccttCTTaC,LDDDLDDDDDDLLLDL,261.10495141030015,41.07945559138703,2,4,6,16,10,FALSE
B,GttactgccttCTTaC,LDDDDDDDDDDLLLDL,261.43968721975006,20.308432071703386,1,4,5,16,11,FALSE
B,GTTACtgccttCTtAC,LLLLLDDDDDDLLDLL,487.61312906119997,54.11002074682575,5,4,9,16,7,TRUE
B,GTTActgccttCTtAC,LLLLDDDDDDDLLDLL,291.2828850143474,43.46191634898092,4,4,8,16,8,FALSE
B,GTTaCtgccttCTtAC,LLLDLDDDDDDLLDLL,306.78876098245087,59.939449951918746,4,4,8,16,8,TRUE
B,GTTactgccttCTtAC,LLLDDDDDDDDLLDLL,243.01100407806953,34.766331167395194,3,4,7,16,9,FALSE
B,GTtACtgccttCTtAC,LLDLLDDDDDDLLDLL,289.0597142041963,59.712248353992656,4,4,8,16,8,FALSE
B,GTtActgccttCTtAC,LLDLDDDDDDDLLDLL,163.41076092277157,63.37672635610256,3,4,7,16,9,FALSE
B,GTtaCtgccttCTtAC,LLDDLDDDDDDLLDLL,208.25777393996933,52.51402125586403,3,4,7,16,9,FALSE
B,GTtactgccttCTtAC,LLDDDDDDDDDLLDLL,223.242466192371,24.354128805561807,2,4,6,16,10,FALSE
B,GtTACtgccttCTtAC,LDLLLDDDDDDLLDLL,410.1014773104355,56.76127774275605,4,4,8,16,8,TRUE
B,GtTActgccttCTtAC,LDLLDDDDDDDLLDLL,217.7598976325963,46.927264678378585,3,4,7,16,9,FALSE
B,GtTaCtgccttCTtAC,LDLDLDDDDDDLLDLL,250.1325763930762,66.76724623736234,3,4,7,16,9,FALSE
B,GtTactgccttCTtAC,LDLDDDDDDDDLLDLL,135.35165222250973,47.398448279438966,2,4,6,16,10,FALSE
B,GttACtgccttCTtAC,LDDLLDDDDDDLLDLL,195.5761459235272,50.80624771323604,3,4,7,16,9,FALSE
B,GttActgccttCTtAC,LDDLDDDDDDDLLDLL,151.08226211192627,35.99111640882707,2,4,6,16,10,FALSE
B,GttaCtgccttCTtAC,LDDDLDDDDDDLLDLL,164.98829510878736,39.86895471250765,2,4,6,16,10,FALSE
B,GttactgccttCTtAC,LDDDDDDDDDDLLDLL,136.3793745440827,26.882169286658282,1,4,5,16,11,FALSE
B,GTTACtgccttCTtaC,LLLLLDDDDDDLLDDL,491.7735014865707,60.113436672841665,5,3,8,16,8,TRUE
B,GTTActgccttCTtaC,LLLLDDDDDDDLLDDL,263.6350666182278,48.7316296951603,4,3,7,16,9,FALSE
B,GTTaCtgccttCTtaC,LLLDLDDDDDDLLDDL,308.21810316965065,60.285184191370234,4,3,7,16,9,TRUE
B,GTTactgccttCTtaC,LLLDDDDDDDDLLDDL,273.0553442973511,26.006414433155715,3,3,6,16,10,FALSE
B,GTtACtgccttCTtaC,LLDLLDDDDDDLLDDL,356.3804849626675,48.119828150921904,4,3,7,16,9,TRUE
B,GTtActgccttCTtaC,LLDLDDDDDDDLLDDL,196.06619511264708,37.44927374457613,3,3,6,16,10,FALSE
B,GTtaCtgccttCTtaC,LLDDLDDDDDDLLDDL,231.29847564936404,51.06325403379779,3,3,6,16,10,FALSE
B,GTtactgccttCTtaC,LLDDDDDDDDDLLDDL,198.8408348686363,26.85423349541778,2,3,5,16,11,FALSE
B,GtTACtgccttCTtaC,LDLLLDDDDDDLLDDL,498.69019768989193,52.48775252454266,4,3,7,16,9,TRUE
B,GtTActgccttCTtaC,LDLLDDDDDDDLLDDL,254.8993631529094,38.15770746218207,3,3,6,16,10,FALSE
B,GtTaCtgccttCTtaC,LDLDLDDDDDDLLDDL,281.6090314622397,53.13743095698347,3,3,6,16,10,FALSE
B,GtTactgccttCTtaC,LDLDDDDDDDDLLDDL,158.43389945265716,28.074870180072892,2,3,5,16,11,FALSE
B,GttACtgccttCTtaC,LDDLLDDDDDDLLDDL,268.1993729967089,44.57527087392593,3,3,6,16,10,FALSE
B,GttActgccttCTtaC,LDDLDDDDDDDLLDDL,135.01750810719767,46.65591683396259,2,3,5,16,11,FALSE
B,GttaCtgccttCTtaC,LDDDLDDDDDDLLDDL,125.38035721302053,50.31955533966917,2,3,5,16,11,FALSE
B,GttactgccttCTtaC,LDDDDDDDDDDLLDDL,133.88528872408946,37.15681707085293,1,3,4,16,12,FALSE
B,GTTACtgccttCtTAC,LLLLLDDDDDDLDLLL,440.8036785138326,57.62464121191833,5,4,9,16,7,TRUE
B,GTTActgccttCtTAC,LLLLDDDDDDDLDLLL,252.91161006658277,46.686946688434205,4,4,8,16,8,FALSE
B,GTTaCtgccttCtTAC,LLLDLDDDDDDLDLLL,272.53551131321507,58.79730344395627,4,4,8,16,8,FALSE
B,GTTactgccttCtTAC,LLLDDDDDDDDLDLLL,196.90837952193294,35.655113349005916,3,4,7,16,9,FALSE
B,GTtACtgccttCtTAC,LLDLLDDDDDDLDLLL,277.88767816392505,74.45363303223371,4,4,8,16,8,FALSE
B,GTtActgccttCtTAC,LLDLDDDDDDDLDLLL,170.2580700251588,46.1325150041607,3,4,7,16,9,FALSE
B,GTtaCtgccttCtTAC,LLDDLDDDDDDLDLLL,219.81628456441288,59.40475591140184,3,4,7,16,9,FALSE
B,GTtactgccttCtTAC,LLDDDDDDDDDLDLLL,156.84010108149857,34.40383169739913,2,4,6,16,10,FALSE
B,GtTACtgccttCtTAC,LDLLLDDDDDDLDLLL,426.6477253218613,53.294521050763436,4,4,8,16,8,TRUE
B,GtTActgccttCtTAC,LDLLDDDDDDDLDLLL,195.4213532015699,39.35136846198489,3,4,7,16,9,FALSE
B,GtTaCtgccttCtTAC,LDLDLDDDDDDLDLLL,230.94649592982805,53.25890541670399,3,4,7,16,9,FALSE
B,GtTactgccttCtTAC,LDLDDDDDDDDLDLLL,155.40709479677847,27.94403986029968,2,4,6,16,10,FALSE
B,GttACtgccttCtTAC,LDDLLDDDDDDLDLLL,237.28773480601384,40.338767434408126,3,4,7,16,9,FALSE
B,GttActgccttCtTAC,LDDLDDDDDDDLDLLL,153.55228535539263,32.00060749243717,2,4,6,16,10,FALSE
B,GttaCtgccttCtTAC,LDDDLDDDDDDLDLLL,162.3669960924514,39.77348173957027,2,4,6,16,10,FALSE
B,GttactgccttCtTAC,LDDDDDDDDDDLDLLL,125.37110077580162,35.49049691360895,1,4,5,16,11,FALSE
B,GTTACtgccttCtTaC,LLLLLDDDDDDLDLDL,466.7129843584707,57.78929267556268,5,3,8,16,8,TRUE
B,GTTActgccttCtTaC,LLLLDDDDDDDLDLDL,280.88987345277036,34.412091914563774,4,3,7,16,9,FALSE
B,GTTaCtgccttCtTaC,LLLDLDDDDDDLDLDL,315.6638247473606,53.03499695068881,4,3,7,16,9,TRUE
B,GTTactgccttCtTaC,LLLDDDDDDDDLDLDL,232.8429688044116,23.534934448843863,3,3,6,16,10,FALSE
B,GTtACtgccttCtTaC,LLDLLDDDDDDLDLDL,294.033227847531,45.2107851910629,4,3,7,16,9,FALSE
B,GTtActgccttCtTaC,LLDLDDDDDDDLDLDL,192.54860172911194,34.616717387473,3,3,6,16,10,FALSE
B,GTtaCtgccttCtTaC,LLDDLDDDDDDLDLDL,235.31320111186778,45.67792737157323,3,3,6,16,10,FALSE
B,GTtactgccttCtTaC,LLDDDDDDDDDLDLDL,144.31189126530387,30.341560576045175,2,3,5,16,11,FALSE
B,GtTACtgccttCtTaC,LDLLLDDDDDDLDLDL,438.1842874183628,53.961429896009705,4,3,7,16,9,TRUE
B,GtTActgccttCtTaC,LDLLDDDDDDDLDLDL,187.42729731162896,36.74481405748924,3,3,6,16,10,FALSE
B,GtTaCtgccttCtTaC,LDLDLDDDDDDLDLDL,250.928417119594,48.601640498979336,3,3,6,16,10,FALSE
B,GtTactgccttCtTaC,LDLDDDDDDDDLDLDL,145.45927724928745,26.786285598919882,2,3,5,16,11,FALSE
B,GttACtgccttCtTaC,LDDLLDDDDDDLDLDL,207.3540847073573,39.024206496018465,3,3,6,16,10,FALSE
B,GttActgccttCtTaC,LDDLDDDDDDDLDLDL,134.9914774169907,31.38987576915372,2,3,5,16,11,FALSE
B,GttaCtgccttCtTaC,LDDDLDDDDDDLDLDL,161.0570623388193,36.10480118789282,2,3,5,16,11,FALSE
B,GttactgccttCtTaC,LDDDDDDDDDDLDLDL,114.51420217083125,37.086077987440135,1,3,4,16,12,FALSE
B,GTTACtgccttCttAC,LLLLLDDDDDDLDDLL,441.8688897435959,55.1543303883212,5,3,8,16,8,TRUE
B,GTTActgccttCttAC,LLLLDDDDDDDLDDLL,255.1604706257386,36.59902023323262,4,3,7,16,9,FALSE
B,GTTaCtgccttCttAC,LLLDLDDDDDDLDDLL,282.53802498638004,50.20590168138037,4,3,7,16,9,FALSE
B,GTTactgccttCttAC,LLLDDDDDDDDLDDLL,203.6941086972004,26.568121028387083,3,3,6,16,10,FALSE
B,GTtACtgccttCttAC,LLDLLDDDDDDLDDLL,260.77446415302023,43.336509653556995,4,3,7,16,9,FALSE
B,GTtActgccttCttAC,LLDLDDDDDDDLDDLL,161.37683358949195,35.01865002638448,3,3,6,16,10,FALSE
B,GTtaCtgccttCttAC,LLDDLDDDDDDLDDLL,192.57766508313395,45.17385227455384,3,3,6,16,10,FALSE
B,GTtactgccttCttAC,LLDDDDDDDDDLDDLL,120.05076341545185,44.10534742409643,2,3,5,16,11,FALSE
B,GtTACtgccttCttAC,LDLLLDDDDDDLDDLL,425.4117389626567,51.08831934480756,4,3,7,16,9,TRUE
B,GtTActgccttCttAC,LDLLDDDDDDDLDDLL,191.34974923546432,39.830958663047085,3,3,6,16,10,FALSE
B,GtTaCtgccttCttAC,LDLDLDDDDDDLDDLL,220.3878459224787,45.57492224763074,3,3,6,16,10,FALSE
B,GtTactgccttCttAC,LDLDDDDDDDDLDDLL,129.5936111110731,30.835720117283643,2,3,5,16,11,FALSE
B,GttACtgccttCttAC,LDDLLDDDDDDLDDLL,218.1372621445721,38.733099853103425,3,3,6,16,10,FALSE
B,GttActgccttCttAC,LDDLDDDDDDDLDDLL,128.9194135144962,37.29976668435518,2,3,5,16,11,FALSE
B,GttaCtgccttCttAC,LDDDLDDDDDDLDDLL,132.6437941660591,43.390357035151474,2,3,5,16,11,FALSE
B,GttactgccttCttAC,LDDDDDDDDDDLDDLL,101.86667352919481,51.045657072783754,1,3,4,16,12,FALSE
B,GTTACtgccttCttaC,LLLLLDDDDDDLDDDL,454.15140024137145,58.20657243821281,5,2,7,16,9,TRUE
B,GTTActgccttCttaC,LLLLDDDDDDDLDDDL,250.3048936736427,32.482205311569714,4,2,6,16,10,FALSE
B,GTTaCtgccttCttaC,LLLDLDDDDDDLDDDL,271.55563051258713,47.21901116039979,4,2,6,16,10,FALSE
B,GTTactgccttCttaC,LLLDDDDDDDDLDDDL,198.2778903645767,24.216840109516625,3,2,5,16,11,FALSE
B,GTtACtgccttCttaC,LLDLLDDDDDDLDDDL,259.5674904111364,41.856694086993635,4,2,6,16,10,FALSE
B,GTtActgccttCttaC,LLDLDDDDDDDLDDDL,154.54715570889707,35.72191406142029,3,2,5,16,11,FALSE
B,GTtaCtgccttCttaC,LLDDLDDDDDDLDDDL,190.97659787495272,45.520817273346594,3,2,5,16,11,FALSE
B,GTtactgccttCttaC,LLDDDDDDDDDLDDDL,107.23946316094224,46.30162244810529,2,2,4,16,12,FALSE
B,GtTACtgccttCttaC,LDLLLDDDDDDLDDDL,453.4913360440689,43.106489544096384,4,2,6,16,10,TRUE
B,GtTActgccttCttaC,LDLLDDDDDDDLDDDL,213.01217997464633,40.76225482693944,3,2,5,16,11,FALSE
B,GtTaCtgccttCttaC,LDLDLDDDDDDLDDDL,234.45228527339478,47.49938892448495,3,2,5,16,11,FALSE
B,GtTactgccttCttaC,LDLDDDDDDDDLDDDL,115.36379992057833,36.69432625717424,2,2,4,16,12,FALSE
B,GttACtgccttCttaC,LDDLLDDDDDDLDDDL,188.02494869981595,49.9106865054834,3,2,5,16,11,FALSE
B,GttActgccttCttaC,LDDLDDDDDDDLDDDL,88.64501288715293,51.51698432944217,2,2,4,16,12,FALSE
B,GttaCtgccttCttaC,LDDDLDDDDDDLDDDL,137.1621904668942,49.27201973396157,2,2,4,16,12,FALSE
B,GttactgccttCttaC,LDDDDDDDDDDLDDDL,126.53219062968621,46.19285786987524,1,2,3,16,13,FALSE
B,GTTACtgccttcTTAC,LLLLLDDDDDDDLLLL,573.7574509795032,48.92947301941476,5,4,9,16,7,TRUE
B,GTTaCtgccttcTTAC,LLLDLDDDDDDDLLLL,323.75591508349146,48.62281100695532,4,4,8,16,8,TRUE
B,GTTactgccttcTTAC,LLLDDDDDDDDDLLLL,165.24414896795534,44.08667907108553,3,4,7,16,9,FALSE
B,GTtACtgccttcTTAC,LLDLLDDDDDDDLLLL,376.21954581139926,47.55158259966241,4,4,8,16,8,TRUE
B,GTtActgccttcTTAC,LLDLDDDDDDDDLLLL,194.088274207557,33.34705115233648,3,4,7,16,9,FALSE
B,GTtaCtgccttcTTAC,LLDDLDDDDDDDLLLL,323.64088193811466,39.219451234812155,3,4,7,16,9,TRUE
B,GTtactgccttcTTAC,LLDDDDDDDDDDLLLL,150.881486274879,28.710046050106765,2,4,6,16,10,FALSE
B,GtTACtgccttcTTAC,LDLLLDDDDDDDLLLL,465.0814852636202,42.18853923077695,4,4,8,16,8,TRUE
B,GtTActgccttcTTAC,LDLLDDDDDDDDLLLL,199.6126924940437,41.16319265338936,3,4,7,16,9,FALSE
B,GtTaCtgccttcTTAC,LDLDLDDDDDDDLLLL,257.1596219995197,48.82204729781961,3,4,7,16,9,FALSE
B,GtTactgccttcTTAC,LDLDDDDDDDDDLLLL,147.42507221044565,29.73513838952396,2,4,6,16,10,FALSE
B,GttACtgccttcTTAC,LDDLLDDDDDDDLLLL,361.158080959831,32.49702801119988,3,4,7,16,9,TRUE
B,GttActgccttcTTAC,LDDLDDDDDDDDLLLL,175.34991433194446,28.03737627205514,2,4,6,16,10,FALSE
B,GttaCtgccttcTTAC,LDDDLDDDDDDDLLLL,259.29433712724625,31.391717563166388,2,4,6,16,10,FALSE
B,GttactgccttcTTAC,LDDDDDDDDDDDLLLL,125.15796013746355,36.99382245058426,1,4,5,16,11,FALSE
B,GTTACtgccttcTTaC,LLLLLDDDDDDDLLDL,515.3742106176013,51.70933438864027,5,3,8,16,8,TRUE
B,GTTActgccttcTTaC,LLLLDDDDDDDDLLDL,284.10639070538326,33.24307586858257,4,3,7,16,9,FALSE
B,GTTaCtgccttcTTaC,LLLDLDDDDDDDLLDL,341.0889855782032,42.05708780844694,4,3,7,16,9,TRUE
B,GTTactgccttcTTaC,LLLDDDDDDDDDLLDL,201.94016108600283,25.761744860649543,3,3,6,16,10,FALSE
B,GTtACtgccttcTTaC,LLDLLDDDDDDDLLDL,362.6598396286793,40.1389127646854,4,3,7,16,9,TRUE
B,GTtActgccttcTTaC,LLDLDDDDDDDDLLDL,186.89551888196513,29.4209391425836,3,3,6,16,10,FALSE
B,GTtaCtgccttcTTaC,LLDDLDDDDDDDLLDL,329.9434774836011,55.2768471663209,3,3,6,16,10,TRUE
B,GTtactgccttcTTaC,LLDDDDDDDDDDLLDL,150.91885036470373,33.353050185985175,2,3,5,16,11,FALSE
B,GtTACtgccttcTTaC,LDLLLDDDDDDDLLDL,470.27057249639057,46.79969608268349,4,3,7,16,9,TRUE
B,GtTActgccttcTTaC,LDLLDDDDDDDDLLDL,192.03661693785617,39.754112336875316,3,3,6,16,10,FALSE
B,GtTaCtgccttcTTaC,LDLDLDDDDDDDLLDL,280.0668419494629,44.86992775903828,3,3,6,16,10,FALSE
B,GtTactgccttcTTaC,LDLDDDDDDDDDLLDL,164.61364553954672,25.74318907349882,2,3,5,16,11,FALSE
B,GttACtgccttcTTaC,LDDLLDDDDDDDLLDL,374.24651267285907,30.061443692211988,3,3,6,16,10,TRUE
B,GttActgccttcTTaC,LDDLDDDDDDDDLLDL,176.8023424097512,27.19347610184918,2,3,5,16,11,FALSE
B,GttaCtgccttcTTaC,LDDDLDDDDDDDLLDL,244.58795118944442,28.991562705269864,2,3,5,16,11,FALSE
B,GttactgccttcTTaC,LDDDDDDDDDDDLLDL,137.2203007632895,27.95716973322928,1,3,4,16,12,FALSE
B,GTTACtgccttcTtAC,LLLLLDDDDDDDLDLL,454.30169147993894,45.66691395582802,5,3,8,16,8,TRUE
B,GTTActgccttcTtAC,LLLLDDDDDDDDLDLL,218.01792545875117,37.35210819722266,4,3,7,16,9,FALSE
B,GTTaCtgccttcTtAC,LLLDLDDDDDDDLDLL,273.57237024846364,47.94230919566606,4,3,7,16,9,FALSE
B,GTTactgccttcTtAC,LLLDDDDDDDDDLDLL,187.7634346824133,27.113510751390383,3,3,6,16,10,FALSE
B,GTtACtgccttcTtAC,LLDLLDDDDDDDLDLL,292.8287196909678,37.007653230674414,4,3,7,16,9,FALSE
B,GTtActgccttcTtAC,LLDLDDDDDDDDLDLL,139.3292864520038,30.35882214654105,3,3,6,16,10,FALSE
B,GTtaCtgccttcTtAC,LLDDLDDDDDDDLDLL,217.82370909023084,33.9559309447539,3,3,6,16,10,FALSE
B,GTtactgccttcTtAC,LLDDDDDDDDDDLDLL,127.67007537753115,31.795881255988935,2,3,5,16,11,FALSE
B,GtTACtgccttcTtAC,LDLLLDDDDDDDLDLL,386.82805282317605,42.279918592366016,4,3,7,16,9,TRUE
B,GtTActgccttcTtAC,LDLLDDDDDDDDLDLL,181.3478524987663,43.92822039068709,3,3,6,16,10,FALSE
B,GtTaCtgccttcTtAC,LDLDLDDDDDDDLDLL,214.2288973466218,48.05893920825804,3,3,6,16,10,FALSE
B,GtTactgccttcTtAC,LDLDDDDDDDDDLDLL,111.54201312038147,32.62361948462418,2,3,5,16,11,FALSE
B,GttACtgccttcTtAC,LDDLLDDDDDDDLDLL,239.6567203823529,31.93283917935519,3,3,6,16,10,FALSE
B,GttActgccttcTtAC,LDDLDDDDDDDDLDLL,129.9523835887761,31.80655875421097,2,3,5,16,11,FALSE
B,GttaCtgccttcTtAC,LDDDLDDDDDDDLDLL,134.9805088508988,35.544026574225974,2,3,5,16,11,FALSE
B,GttactgccttcTtAC,LDDDDDDDDDDDLDLL,117.23388789761434,40.06761783411527,1,3,4,16,12,FALSE
B,GTTACtgccttcTtaC,LLLLLDDDDDDDLDDL,446.1713986068582,43.51729481098789,5,2,7,16,9,TRUE
B,GTTActgccttcTtaC,LLLLDDDDDDDDLDDL,208.5921299435001,49.09125407384098,4,2,6,16,10,FALSE
B,GTTaCtgccttcTtaC,LLLDLDDDDDDDLDDL,276.82312225715896,48.224441805256546,4,2,6,16,10,FALSE
B,GTTactgccttcTtaC,LLLDDDDDDDDDLDDL,185.21911340084023,25.496186776708342,3,2,5,16,11,FALSE
B,GTtACtgccttcTtaC,LLDLLDDDDDDDLDDL,277.83934011590867,35.19691452950182,4,2,6,16,10,FALSE
B,GTtActgccttcTtaC,LLDLDDDDDDDDLDDL,134.7175044904525,25.726070984893106,3,2,5,16,11,FALSE
B,GTtaCtgccttcTtaC,LLDDLDDDDDDDLDDL,196.93270624650344,34.36739345155479,3,2,5,16,11,FALSE
B,GTtactgccttcTtaC,LLDDDDDDDDDDLDDL,123.33403860370349,33.609749680691934,2,2,4,16,12,FALSE
B,GtTACtgccttcTtaC,LDLLLDDDDDDDLDDL,460.98811391571417,37.20882345352729,4,2,6,16,10,TRUE
B,GtTActgccttcTtaC,LDLLDDDDDDDDLDDL,183.33637441237238,35.91352991143579,3,2,5,16,11,FALSE
B,GtTaCtgccttcTtaC,LDLDLDDDDDDDLDDL,220.37911783602127,46.86323806428176,3,2,5,16,11,FALSE
B,GtTactgccttcTtaC,LDLDDDDDDDDDLDDL,117.52162539714459,33.266694513511425,2,2,4,16,12,FALSE
B,GttACtgccttcTtaC,LDDLLDDDDDDDLDDL,229.15602839843646,31.711176379873958,3,2,5,16,11,FALSE
B,GttActgccttcTtaC,LDDLDDDDDDDDLDDL,112.06556738997885,34.62012332665992,2,2,4,16,12,FALSE
B,GttaCtgccttcTtaC,LDDDLDDDDDDDLDDL,142.02944166424064,38.1514095479629,2,2,4,16,12,FALSE
B,GttactgccttcTtaC,LDDDDDDDDDDDLDDL,114.53332538851423,48.085910817188434,1,2,3,16,13,FALSE
B,GTTACtgccttctTAC,LLLLLDDDDDDDDLLL,511.5694648396284,41.53744639964695,5,3,8,16,8,TRUE
B,GTTActgccttctTAC,LLLLDDDDDDDDDLLL,160.3386978760905,43.04104573914252,4,3,7,16,9,FALSE
B,GTTaCtgccttctTAC,LLLDLDDDDDDDDLLL,264.0323169524135,48.55520843003809,4,3,7,16,9,FALSE
B,GTTactgccttctTAC,LLLDDDDDDDDDDLLL,134.36644549853358,32.69561421908225,3,3,6,16,10,FALSE
B,GTtACtgccttctTAC,LLDLLDDDDDDDDLLL,318.2092116934253,30.34589160074171,4,3,7,16,9,TRUE
B,GTtActgccttctTAC,LLDLDDDDDDDDDLLL,129.94802589065702,29.338363337344305,3,3,6,16,10,FALSE
B,GTtaCtgccttctTAC,LLDDLDDDDDDDDLLL,236.89946682899895,33.70990802090246,3,3,6,16,10,FALSE
B,GTtactgccttctTAC,LLDDDDDDDDDDDLLL,121.73624094881025,38.62609458406873,2,3,5,16,11,FALSE
B,GtTACtgccttctTAC,LDLLLDDDDDDDDLLL,463.1343501685214,40.382556654053026,4,3,7,16,9,TRUE
B,GtTActgccttctTAC,LDLLDDDDDDDDDLLL,140.6495280799772,42.967333006221274,3,3,6,16,10,FALSE
B,GtTaCtgccttctTAC,LDLDLDDDDDDDDLLL,214.2006121955434,35.27937060073016,3,3,6,16,10,FALSE
B,GtTactgccttctTAC,LDLDDDDDDDDDDLLL,109.3905268297677,31.855226190303046,2,3,5,16,11,FALSE
B,GttACtgccttctTAC,LDDLLDDDDDDDDLLL,247.69239712483832,32.580467471075394,3,3,6,16,10,FALSE
B,GttActgccttctTAC,LDDLDDDDDDDDDLLL,131.21019047753026,35.65779194402953,2,3,5,16,11,FALSE
B,GttaCtgccttctTAC,LDDDLDDDDDDDDLLL,173.82533409087077,43.65313060610026,2,3,5,16,11,FALSE
B,GttactgccttctTAC,LDDDDDDDDDDDDLLL,100.25558617769384,54.63384832446286,1,3,4,16,12,FALSE
B,GTTACtgccttctTaC,LLLLLDDDDDDDDLDL,457.0001119818744,37.377216178727025,5,2,7,16,9,TRUE
B,GTTActgccttctTaC,LLLLDDDDDDDDDLDL,191.2698329618348,22.97338798029279,4,2,6,16,10,FALSE
B,GTTaCtgccttctTaC,LLLDLDDDDDDDDLDL,271.26809943780296,30.905485419294966,4,2,6,16,10,FALSE
B,GTTactgccttctTaC,LLLDDDDDDDDDDLDL,160.8371068721085,21.433107961150586,3,2,5,16,11,FALSE
B,GTtACtgccttctTaC,LLDLLDDDDDDDDLDL,290.57559245012754,25.92232505456479,4,2,6,16,10,FALSE
B,GTtActgccttctTaC,LLDLDDDDDDDDDLDL,137.81994461687393,26.44770752006128,3,2,5,16,11,FALSE
B,GTtaCtgccttctTaC,LLDDLDDDDDDDDLDL,221.8250542634688,32.83368139297199,3,2,5,16,11,FALSE
B,GTtactgccttctTaC,LLDDDDDDDDDDDLDL,128.93532983943425,30.685815691000798,2,2,4,16,12,FALSE
B,GtTACtgccttctTaC,LDLLLDDDDDDDDLDL,437.8812882004749,25.715796889471264,4,2,6,16,10,TRUE
B,GtTActgccttctTaC,LDLLDDDDDDDDDLDL,141.9314047232928,23.19533737036945,3,2,5,16,11,FALSE
B,GtTaCtgccttctTaC,LDLDLDDDDDDDDLDL,201.4591184480323,30.429503623778942,3,2,5,16,11,FALSE
B,GtTactgccttctTaC,LDLDDDDDDDDDDLDL,119.47199053971785,33.16197583554345,2,2,4,16,12,FALSE
B,GttACtgccttctTaC,LDDLLDDDDDDDDLDL,246.18710265482545,31.540390918353225,3,2,5,16,11,FALSE
B,GttActgccttctTaC,LDDLDDDDDDDDDLDL,121.15053636351725,28.69370923307534,2,2,4,16,12,FALSE
B,GttaCtgccttctTaC,LDDDLDDDDDDDDLDL,158.76616410313343,33.643620293251224,2,2,4,16,12,FALSE
B,GttactgccttctTaC,LDDDDDDDDDDDDLDL,102.95039436450737,41.356993412233386,1,2,3,16,13,FALSE
B,GTTACtgccttcttAC,LLLLLDDDDDDDDDLL,362.7082202204867,48.44448109655133,5,2,7,16,9,TRUE
B,GTTActgccttcttAC,LLLLDDDDDDDDDDLL,189.95672327654626,38.22014858879721,4,2,6,16,10,FALSE
B,GTTaCtgccttcttAC,LLLDLDDDDDDDDDLL,185.46844260227132,30.775000000000002,4,2,6,16,10,FALSE
B,GTTactgccttcttAC,LLLDDDDDDDDDDDLL,135.58716316811027,23.3,3,2,5,16,11,FALSE
B,GTtACtgccttcttAC,LLDLLDDDDDDDDDLL,161.0528553945851,25,4,2,6,16,10,FALSE
B,GTtActgccttcttAC,LLDLDDDDDDDDDDLL,97.32318511773444,23.15,3,2,5,16,11,FALSE
B,GTtaCtgccttcttAC,LLDDLDDDDDDDDDLL,138.27434847933242,30.075,3,2,5,16,11,FALSE
B,GTtactgccttcttAC,LLDDDDDDDDDDDDLL,102.84729251069832,57.25,2,2,4,16,12,FALSE
B,GtTACtgccttcttAC,LDLLLDDDDDDDDDLL,291.76251261401586,32.300000000000004,4,2,6,16,10,FALSE
B,GtTActgccttcttAC,LDLLDDDDDDDDDDLL,129.70584692181615,24.049999999999997,3,2,5,16,11,FALSE
B,GtTaCtgccttcttAC,LDLDLDDDDDDDDDLL,150.54819963052242,25.475,3,2,5,16,11,FALSE
B,GtTactgccttcttAC,LDLDDDDDDDDDDDLL,97.83237148153044,28.800000000000004,2,2,4,16,12,FALSE
B,GttACtgccttcttAC,LDDLLDDDDDDDDDLL,149.03238746589145,25.025000000000002,3,2,5,16,11,FALSE
B,GttActgccttcttAC,LDDLDDDDDDDDDDLL,93.23247677201637,33.125,2,2,4,16,12,FALSE
B,GttaCtgccttcttAC,LDDDLDDDDDDDDDLL,103.31448056889064,41,2,2,4,16,12,FALSE
B,GttactgccttcttAC,LDDDDDDDDDDDDDLL,87.31233597608912,60.425000000000004,1,2,3,16,13,FALSE
B,GTTACtgccttcttaC,LLLLLDDDDDDDDDDL,284.4775022720198,45.775,5,1,6,16,10,FALSE
B,GTTActgccttcttaC,LLLLDDDDDDDDDDDL,159.228706325611,22.05,4,1,5,16,11,FALSE
B,GTTaCtgccttcttaC,LLLDLDDDDDDDDDDL,184.80744260413908,31.075,4,1,5,16,11,FALSE
B,GTTactgccttcttaC,LLLDDDDDDDDDDDDL,126.7390193685081,19.65,3,1,4,16,12,FALSE
B,GTtACtgccttcttaC,LLDLLDDDDDDDDDDL,160.55937580705626,25.424999999999997,4,1,5,16,11,FALSE
B,GTtActgccttcttaC,LLDLDDDDDDDDDDDL,110.31935722472502,21.025,3,1,4,16,12,FALSE
B,GTtaCtgccttcttaC,LLDDLDDDDDDDDDDL,157.87728579854772,28.025,3,1,4,16,12,FALSE
B,GTtactgccttcttaC,LLDDDDDDDDDDDDDL,101.82478035050093,44.625,2,1,3,16,13,FALSE
B,GtTACtgccttcttaC,LDLLLDDDDDDDDDDL,322.56505018597187,30.975,4,1,5,16,11,TRUE
B,GtTActgccttcttaC,LDLLDDDDDDDDDDDL,155.63545898864797,25.325,3,1,4,16,12,FALSE
B,GtTaCtgccttcttaC,LDLDLDDDDDDDDDDL,175.4781956325637,26.299999999999997,3,1,4,16,12,FALSE
B,GtTactgccttcttaC,LDLDDDDDDDDDDDDL,103.49102766193197,29.824999999999996,2,1,3,16,13,FALSE
B,GttACtgccttcttaC,LDDLLDDDDDDDDDDL,184.55384618632488,26.5,3,1,4,16,12,FALSE
B,GttActgccttcttaC,LDDLDDDDDDDDDDDL,91.72552585388837,41.42250628799398,2,1,3,16,13,FALSE
B,GttaCtgccttcttaC,LDDDLDDDDDDDDDDL,130.33191213585744,38,2,1,3,16,13,FALSE
B,GttactgccttcttaC,LDDDDDDDDDDDDDDL,102.25920401338077,79.85,1,1,2,16,14,FALSE
B,ACTGccttctTAC,LLLLDDDDDDLLL,410.283682777188,75.92718514721179,4,3,7,13,6,TRUE
B,ACTgccttctTAC,LLLDDDDDDDLLL,402.6427896506389,54.83683116536504,3,3,6,13,7,TRUE
B,ACtGccttctTAC,LLDLDDDDDDLLL,165.87067505595334,74.20103672453982,3,3,6,13,7,FALSE
B,ACtgccttctTAC,LLDDDDDDDDLLL,208.86713847135607,45.56141898996762,2,3,5,13,8,FALSE
B,AcTGccttctTAC,LDLLDDDDDDLLL,246.61717072348551,63.8768418632517,3,3,6,13,7,FALSE
B,AcTgccttctTAC,LDLDDDDDDDLLL,256.90954930984816,65.5036487110751,2,3,5,13,8,FALSE
B,ActGccttctTAC,LDDLDDDDDDLLL,126.42969452141547,89.95563099886026,2,3,5,13,8,FALSE
B,ActgccttctTAC,LDDDDDDDDDLLL,139.6112669287804,59.19637873655184,1,3,4,13,9,FALSE
B,ACTGccttctTaC,LLLLDDDDDDLDL,392.751441406733,78.52171166583182,4,2,6,13,7,TRUE
B,ACTgccttctTaC,LLLDDDDDDDLDL,383.0292823366151,51.661336688289964,3,2,5,13,8,TRUE
B,ACtGccttctTaC,LLDLDDDDDDLDL,145.90797559869085,73.82758523725852,3,2,5,13,8,FALSE
B,ACtgccttctTaC,LLDDDDDDDDLDL,199.20045406782333,46.50176507075145,2,2,4,13,9,FALSE
B,AcTGccttctTaC,LDLLDDDDDDLDL,217.3949193700175,70.35619143864314,3,2,5,13,8,FALSE
B,AcTgccttctTaC,LDLDDDDDDDLDL,207.5332144378531,58.10278747688644,2,2,4,13,9,FALSE
B,ActGccttctTaC,LDDLDDDDDDLDL,118.14737650984318,93.80914660611356,2,2,4,13,9,FALSE
B,ActgccttctTaC,LDDDDDDDDDLDL,140.43298768123307,59.80222816049461,1,2,3,13,10,FALSE
B,ACTGccttcttAC,LLLLDDDDDDDLL,406.40036540635055,65.56019775465865,4,2,6,13,7,TRUE
B,ACTgccttcttAC,LLLDDDDDDDDLL,339.38654193215984,61.739364659989896,3,2,5,13,8,TRUE
B,ACtGccttcttAC,LLDLDDDDDDDLL,161.93246132894487,73.80390857806448,3,2,5,13,8,FALSE
B,ACtgccttcttAC,LLDDDDDDDDDLL,166.57186486737046,75.54275690429445,2,2,4,13,9,FALSE
B,AcTGccttcttAC,LDLLDDDDDDDLL,216.7284558101254,66.04109797903403,3,2,5,13,8,FALSE
B,AcTgccttcttAC,LDLDDDDDDDDLL,190.7351622436054,67.91202278896698,2,2,4,13,9,FALSE
B,ActGccttcttAC,LDDLDDDDDDDLL,111.82859531596084,75.98042654988174,2,2,4,13,9,FALSE
B,ActgccttcttAC,LDDDDDDDDDDLL,120.40832070201061,72.47231206384672,1,2,3,13,10,FALSE
B,ACTGccttcttaC,LLLLDDDDDDDDL,386.67408697922747,67.20646038404945,4,1,5,13,8,TRUE
B,ACTgccttcttaC,LLLDDDDDDDDDL,332.1686973191535,49.491650606128,3,1,4,13,9,TRUE
B,ACtGccttcttaC,LLDLDDDDDDDDL,176.807451119671,67.53449503003318,3,1,4,13,9,FALSE
B,ACtgccttcttaC,LLDDDDDDDDDDL,170.6032397432601,59.419239979679084,2,1,3,13,10,FALSE
B,AcTGccttcttaC,LDLLDDDDDDDDL,222.48369348408065,61.00793738001461,3,1,4,13,9,FALSE
B,AcTgccttcttaC,LDLDDDDDDDDDL,188.16600692696377,70.36317729101346,2,1,3,13,10,FALSE
B,ActGccttcttaC,LDDLDDDDDDDDL,118.98182589709491,81.04898106330225,2,1,3,13,10,FALSE
B,ActgccttcttaC,LDDDDDDDDDDDL,130.17240177531548,79.08164395615775,1,1,2,13,11,FALSE
B,GTTActgcctTCT,LLLLDDDDDDLLL,356.2875182067308,59.77765902395533,4,3,7,13,6,TRUE
B,GTTactgcctTCT,LLLDDDDDDDLLL,266.70151340580514,48.51558161154324,3,3,6,13,7,FALSE
B,GTtActgcctTCT,LLDLDDDDDDLLL,183.02213177326914,58.438114501071766,3,3,6,13,7,FALSE
B,GTtactgcctTCT,LLDDDDDDDDLLL,168.31914990907595,43.473398436425065,2,3,5,13,8,FALSE
B,GtTActgcctTCT,LDLLDDDDDDLLL,238.75323597466226,47.87000944305226,3,3,6,13,7,FALSE
B,GtTactgcctTCT,LDLDDDDDDDLLL,170.07204902617332,32.99488798268655,2,3,5,13,8,FALSE
B,GttActgcctTCT,LDDLDDDDDDLLL,134.20219933889751,40.62615767574549,2,3,5,13,8,FALSE
B,GttactgcctTCT,LDDDDDDDDDLLL,171.20545794764334,25.010974770070828,1,3,4,13,9,FALSE
B,GTTActgcctTcT,LLLLDDDDDDLDL,221.05704052363157,36.73618666598719,4,2,6,13,7,FALSE
B,GTTactgcctTcT,LLLDDDDDDDLDL,161.40825359742692,33.02930278557906,3,2,5,13,8,FALSE
B,GTtActgcctTcT,LLDLDDDDDDLDL,104.72440978559177,47.48160261984537,3,2,5,13,8,FALSE
B,GTtactgcctTcT,LLDDDDDDDDLDL,98.29758016904798,38.021126932307034,2,2,4,13,9,FALSE
B,GtTActgcctTcT,LDLLDDDDDDLDL,156.4816949688715,51.98292500228449,3,2,5,13,8,FALSE
B,GtTactgcctTcT,LDLDDDDDDDLDL,108.06768517160928,35.40842305691185,2,2,4,13,9,FALSE
B,GttActgcctTcT,LDDLDDDDDDLDL,109.64814423369198,48.46825175028318,2,2,4,13,9,FALSE
B,GttactgcctTcT,LDDDDDDDDDLDL,103.67458890751965,44.355515918844546,1,2,3,13,10,FALSE
B,GTTActgccttCT,LLLLDDDDDDDLL,195.8478696620035,36.77236336890941,4,2,6,13,7,FALSE
B,GTTactgccttCT,LLLDDDDDDDDLL,164.06237164143312,27.496949185650166,3,2,5,13,8,FALSE
B,GTtActgccttCT,LLDLDDDDDDDLL,134.30631983104018,44.057445268040446,3,2,5,13,8,FALSE
B,GTtactgccttCT,LLDDDDDDDDDLL,113.97000212897204,36.396919025665376,2,2,4,13,9,FALSE
B,GtTActgccttCT,LDLLDDDDDDDLL,153.91039614430505,48.979188312585975,3,2,5,13,8,FALSE
B,GtTactgccttCT,LDLDDDDDDDDLL,123.31700114468656,31.321901753958464,2,2,4,13,9,FALSE
B,GttActgccttCT,LDDLDDDDDDDLL,136.45145059625622,40.15205105686198,2,2,4,13,9,FALSE
B,GttactgccttCT,LDDDDDDDDDDLL,127.32042097170188,54.40202863280973,1,2,3,13,10,FALSE
B,GTTActgccttcT,LLLLDDDDDDDDL,142.18148040002228,33.68559918621339,4,1,5,13,8,FALSE
B,GTTactgccttcT,LLLDDDDDDDDDL,137.58721220624807,31.473171638031467,3,1,4,13,9,FALSE
B,GTtActgccttcT,LLDLDDDDDDDDL,133.17987680726876,48.82220276471544,3,1,4,13,9,FALSE
B,GTtactgccttcT,LLDDDDDDDDDDL,109.48844617467576,58.42198286789908,2,1,3,13,10,FALSE
B,GtTActgccttcT,LDLLDDDDDDDDL,136.20670321817306,47.4041977980797,3,1,4,13,9,FALSE
B,GtTactgccttcT,LDLDDDDDDDDDL,117.43252247250162,43.54372793654716,2,1,3,13,10,FALSE
B,GttActgccttcT,LDDLDDDDDDDDL,110.18041822201303,55.926128952230385,2,1,3,13,10,FALSE
B,GttactgccttcT,LDDDDDDDDDDDL,112.12385258777482,72.15754078549676,1,1,2,13,11,FALSE
B,TACTgccttcTTA,LLLLDDDDDDLLL,403.86251947358306,77.03608023332667,4,3,7,13,6,TRUE
B,TACtgccttcTTA,LLLDDDDDDDLLL,488.9528787739477,58.57450979661523,3,3,6,13,7,TRUE
B,TAcTgccttcTTA,LLDLDDDDDDLLL,426.559181440085,67.825649409236,3,3,6,13,7,TRUE
B,TActgccttcTTA,LLDDDDDDDDLLL,362.8160442257287,46.62242257653032,2,3,5,13,8,TRUE
B,TaCTgccttcTTA,LDLLDDDDDDLLL,584.9746849953837,67.73009484790788,3,3,6,13,7,TRUE
B,TaCtgccttcTTA,LDLDDDDDDDLLL,494.231340398537,61.103843399798116,2,3,5,13,8,TRUE
B,TacTgccttcTTA,LDDLDDDDDDLLL,246.40169637315648,69.78007048383522,2,3,5,13,8,FALSE
B,TactgccttcTTA,LDDDDDDDDDLLL,158.18102814210226,47.226096954613055,1,3,4,13,9,FALSE
B,TACTgccttcTtA,LLLLDDDDDDLDL,507.9002954358589,71.50733304148939,4,2,6,13,7,TRUE
B,TACtgccttcTtA,LLLDDDDDDDLDL,368.05544883380657,56.68105076229798,3,2,5,13,8,TRUE
B,TAcTgccttcTtA,LLDLDDDDDDLDL,293.28518596851666,73.24867630125678,3,2,5,13,8,FALSE
B,TActgccttcTtA,LLDDDDDDDDLDL,222.56836137291893,62.389743645270315,2,2,4,13,9,FALSE
B,TaCTgccttcTtA,LDLLDDDDDDLDL,317.2480602679888,65.19748187804586,3,2,5,13,8,TRUE
B,TaCtgccttcTtA,LDLDDDDDDDLDL,236.7300479217789,56.434380553362274,2,2,4,13,9,FALSE
B,TacTgccttcTtA,LDDLDDDDDDLDL,132.56401255813458,67.75451363754468,2,2,4,13,9,FALSE
B,TactgccttcTtA,LDDDDDDDDDLDL,142.2184726816411,61.49660282271844,1,2,3,13,10,FALSE
B,TACTgccttctTA,LLLLDDDDDDDLL,593.8418948300895,49.64057368643053,4,2,6,13,7,TRUE
B,TACtgccttctTA,LLLDDDDDDDDLL,316.76780016227735,49.94144426659949,3,2,5,13,8,TRUE
B,TAcTgccttctTA,LLDLDDDDDDDLL,295.1468592234707,70.64686976862635,3,2,5,13,8,FALSE
B,TActgccttctTA,LLDDDDDDDDDLL,184.482360368321,53.47796709706169,2,2,4,13,9,FALSE
B,TaCTgccttctTA,LDLLDDDDDDDLL,447.7274842101933,56.59311604733327,3,2,5,13,8,TRUE
B,TaCtgccttctTA,LDLDDDDDDDDLL,277.1357328371835,69.43583929024611,2,2,4,13,9,FALSE
B,TacTgccttctTA,LDDLDDDDDDDLL,156.1677260564235,67.49046207700033,2,2,4,13,9,FALSE
B,TactgccttctTA,LDDDDDDDDDDLL,129.57858696031556,67.2063200802586,1,2,3,13,10,FALSE
B,TACTgccttcttA,LLLLDDDDDDDDL,434.57071708438406,61.37133340773952,4,1,5,13,8,TRUE
B,TACtgccttcttA,LLLDDDDDDDDDL,286.0432653820506,52.95621362045799,3,1,4,13,9,FALSE
B,TAcTgccttcttA,LLDLDDDDDDDDL,221.6424182532102,63.37455928250441,3,1,4,13,9,FALSE
B,TActgccttcttA,LLDDDDDDDDDDL,151.84844626104356,65.71551417300992,2,1,3,13,10,FALSE
B,TaCTgccttcttA,LDLLDDDDDDDDL,270.1706634943032,54.42693600374683,3,1,4,13,9,FALSE
B,TaCtgccttcttA,LDLDDDDDDDDDL,192.54055719253256,69.85796286178193,2,1,3,13,10,FALSE
B,TacTgccttcttA,LDDLDDDDDDDDL,117.56622218736969,84.52299372264017,2,1,3,13,10,FALSE
B,TactgccttcttA,LDDDDDDDDDDDL,112.18006227739072,76.91015001399182,1,1,2,13,11,FALSE
B,TTACtgccttCTT,LLLLDDDDDDLLL,396.3569652438262,72.44640242054652,4,3,7,13,6,TRUE
B,TTActgccttCTT,LLLDDDDDDDLLL,291.47655919748473,53.81244800618303,3,3,6,13,7,FALSE
B,TTaCtgccttCTT,LLDLDDDDDDLLL,325.0233426610601,76.70136569621408,3,3,6,13,7,TRUE
B,TTactgccttCTT,LLDDDDDDDDLLL,269.66497309917776,53.69440285493416,2,3,5,13,8,FALSE
B,TtACtgccttCTT,LDLLDDDDDDLLL,237.18891544981992,72.23478512088523,3,3,6,13,7,FALSE
B,TtActgccttCTT,LDLDDDDDDDLLL,183.43476643367035,44.55394838648853,2,3,5,13,8,FALSE
B,TtaCtgccttCTT,LDDLDDDDDDLLL,131.3825567244681,63.01464715847239,2,3,5,13,8,FALSE
B,TtactgccttCTT,LDDDDDDDDDLLL,130.5562049859084,51.72252845857093,1,3,4,13,9,FALSE
B,TTACtgccttCtT,LLLLDDDDDDLDL,308.0311991106901,68.29892734057975,4,2,6,13,7,TRUE
B,TTActgccttCtT,LLLDDDDDDDLDL,204.8225945826705,54.21059862424442,3,2,5,13,8,FALSE
B,TTaCtgccttCtT,LLDLDDDDDDLDL,221.60313177926105,75.66977926106853,3,2,5,13,8,FALSE
B,TTactgccttCtT,LLDDDDDDDDLDL,197.78086445224096,58.30178593771416,2,2,4,13,9,FALSE
B,TtACtgccttCtT,LDLLDDDDDDLDL,181.47020406346675,72.15020168596226,3,2,5,13,8,FALSE
B,TtActgccttCtT,LDLDDDDDDDLDL,153.6618988707668,51.00448834957951,2,2,4,13,9,FALSE
B,TtaCtgccttCtT,LDDLDDDDDDLDL,127.15120301845923,65.68723298087815,2,2,4,13,9,FALSE
B,TtactgccttCtT,LDDDDDDDDDLDL,126.8642129486339,67.52235913223012,1,2,3,13,10,FALSE
B,TTACtgccttcTT,LLLLDDDDDDDLL,337.3664423956123,57.28153791704267,4,2,6,13,7,TRUE
B,TTActgccttcTT,LLLDDDDDDDDLL,225.83153642735815,52.059623815768944,3,2,5,13,8,FALSE
B,TTaCtgccttcTT,LLDLDDDDDDDLL,201.5417424781392,63.52483915812915,3,2,5,13,8,FALSE
B,TTactgccttcTT,LLDDDDDDDDDLL,147.60073555202223,59.44452664618058,2,2,4,13,9,FALSE
B,TtACtgccttcTT,LDLLDDDDDDDLL,165.23169498906967,56.153171811400675,3,2,5,13,8,FALSE
B,TtActgccttcTT,LDLDDDDDDDDLL,145.7081268542715,53.08580958277069,2,2,4,13,9,FALSE
B,TtaCtgccttcTT,LDDLDDDDDDDLL,125.6257160008941,63.298877731573484,2,2,4,13,9,FALSE
B,TtactgccttcTT,LDDDDDDDDDDLL,101.67305299608508,75.01614697213475,1,2,3,13,10,FALSE
B,TTACtgccttctT,LLLLDDDDDDDDL,201.61734997824206,61.08136351374872,4,1,5,13,8,FALSE
B,TTActgccttctT,LLLDDDDDDDDDL,128.30943912850304,65.16604861117138,3,1,4,13,9,FALSE
B,TTaCtgccttctT,LLDLDDDDDDDDL,147.35971446713765,59.77046886338114,3,1,4,13,9,FALSE
B,TTactgccttctT,LLDDDDDDDDDDL,157.56656948587423,59.58928340832384,2,1,3,13,10,FALSE
B,TtACtgccttctT,LDLLDDDDDDDDL,152.50124831691988,57.404869072699476,3,1,4,13,9,FALSE
B,TtActgccttctT,LDLDDDDDDDDDL,116.59781944604738,67.05856546452875,2,1,3,13,10,FALSE
B,TtaCtgccttctT,LDDLDDDDDDDDL,104.87067342878622,70.19818540420795,2,1,3,13,10,FALSE
B,TtactgccttctT,LDDDDDDDDDDDL,82.88678503607098,86.96579407706712,1,1,2,13,11,FALSE
